sequence_id,visible_filename,thermal_filename,visible_exists,thermal_exists,notes
0400,DJI_20260602140225_0400_V.JPG,DJI_20260602140225_0400_T.JPG,yes,yes,
0401,DJI_20260602140225_0401_V.JPG,DJI_20260602140225_0401_T.JPG,yes,yes,
0402,DJI_20260602140226_0402_V.JPG,DJI_20260602140226_0402_T.JPG,yes,yes,
0403,DJI_20260602140227_0403_V.JPG,DJI_20260602140227_0403_T.JPG,yes,yes,
0404,DJI_20260602140227_0404_V.JPG,DJI_20260602140228_0404_T.JPG,yes,yes,
0405,DJI_20260602140228_0405_V.JPG,DJI_20260602140228_0405_T.JPG,yes,yes,
0406,DJI_20260602140229_0406_V.JPG,DJI_20260602140229_0406_T.JPG,yes,yes,
0407,DJI_20260602140229_0407_V.JPG,DJI_20260602140230_0407_T.JPG,yes,yes,
0408,DJI_20260602140230_0408_V.JPG,DJI_20260602140230_0408_T.JPG,yes,yes,
0409,DJI_20260602140231_0409_V.JPG,DJI_20260602140231_0409_T.JPG,yes,yes,
0410,DJI_20260602140232_0410_V.JPG,DJI_20260602140232_0410_T.JPG,yes,yes,
0411,DJI_20260602140232_0411_V.JPG,DJI_20260602140232_0411_T.JPG,yes,yes,
0412,DJI_20260602140233_0412_V.JPG,DJI_20260602140233_0412_T.JPG,yes,yes,
0413,DJI_20260602140234_0413_V.JPG,DJI_20260602140234_0413_T.JPG,yes,yes,
0414,DJI_20260602140234_0414_V.JPG,DJI_20260602140235_0414_T.JPG,yes,yes,
0415,DJI_20260602140235_0415_V.JPG,DJI_20260602140235_0415_T.JPG,yes,yes,
0416,DJI_20260602140236_0416_V.JPG,DJI_20260602140236_0416_T.JPG,yes,yes,
0417,DJI_20260602140236_0417_V.JPG,DJI_20260602140237_0417_T.JPG,yes,yes,
0418,DJI_20260602140237_0418_V.JPG,DJI_20260602140237_0418_T.JPG,yes,yes,
0419,DJI_20260602140238_0419_V.JPG,DJI_20260602140238_0419_T.JPG,yes,yes,
0420,DJI_20260602140239_0420_V.JPG,DJI_20260602140239_0420_T.JPG,yes,yes,
0421,DJI_20260602140239_0421_V.JPG,DJI_20260602140239_0421_T.JPG,yes,yes,
0422,DJI_20260602140240_0422_V.JPG,DJI_20260602140240_0422_T.JPG,yes,yes,
0423,DJI_20260602140241_0423_V.JPG,DJI_20260602140241_0423_T.JPG,yes,yes,
0424,DJI_20260602140241_0424_V.JPG,DJI_20260602140242_0424_T.JPG,yes,yes,
0425,DJI_20260602140242_0425_V.JPG,DJI_20260602140242_0425_T.JPG,yes,yes,
0426,DJI_20260602140243_0426_V.JPG,DJI_20260602140243_0426_T.JPG,yes,yes,
0427,DJI_20260602140243_0427_V.JPG,DJI_20260602140244_0427_T.JPG,yes,yes,
0428,DJI_20260602140244_0428_V.JPG,DJI_20260602140244_0428_T.JPG,yes,yes,
0429,DJI_20260602140245_0429_V.JPG,DJI_20260602140245_0429_T.JPG,yes,yes,
0430,DJI_20260602140246_0430_V.JPG,DJI_20260602140246_0430_T.JPG,yes,yes,
0431,DJI_20260602140246_0431_V.JPG,DJI_20260602140246_0431_T.JPG,yes,yes,
0432,DJI_20260602140247_0432_V.JPG,DJI_20260602140247_0432_T.JPG,yes,yes,
0433,DJI_20260602140248_0433_V.JPG,DJI_20260602140248_0433_T.JPG,yes,yes,
0434,DJI_20260602140248_0434_V.JPG,DJI_20260602140249_0434_T.JPG,yes,yes,
0435,DJI_20260602140249_0435_V.JPG,DJI_20260602140249_0435_T.JPG,yes,yes,
0436,DJI_20260602140250_0436_V.JPG,DJI_20260602140250_0436_T.JPG,yes,yes,
0437,DJI_20260602140250_0437_V.JPG,DJI_20260602140251_0437_T.JPG,yes,yes,
0438,DJI_20260602140251_0438_V.JPG,DJI_20260602140251_0438_T.JPG,yes,yes,
0439,DJI_20260602140252_0439_V.JPG,DJI_20260602140252_0439_T.JPG,yes,yes,
0440,DJI_20260602140253_0440_V.JPG,DJI_20260602140253_0440_T.JPG,yes,yes,
0441,DJI_20260602140253_0441_V.JPG,DJI_20260602140253_0441_T.JPG,yes,yes,
0442,DJI_20260602140254_0442_V.JPG,DJI_20260602140254_0442_T.JPG,yes,yes,
0443,DJI_20260602140255_0443_V.JPG,DJI_20260602140255_0443_T.JPG,yes,yes,
0444,DJI_20260602140255_0444_V.JPG,DJI_20260602140256_0444_T.JPG,yes,yes,
0445,DJI_20260602140256_0445_V.JPG,DJI_20260602140256_0445_T.JPG,yes,yes,
0446,DJI_20260602140257_0446_V.JPG,DJI_20260602140257_0446_T.JPG,yes,yes,
0447,DJI_20260602140257_0447_V.JPG,DJI_20260602140258_0447_T.JPG,yes,yes,
0448,DJI_20260602140258_0448_V.JPG,DJI_20260602140258_0448_T.JPG,yes,yes,
0449,DJI_20260602140259_0449_V.JPG,DJI_20260602140259_0449_T.JPG,yes,yes,
0450,DJI_20260602140300_0450_V.JPG,DJI_20260602140300_0450_T.JPG,yes,yes,
0451,DJI_20260602140300_0451_V.JPG,DJI_20260602140300_0451_T.JPG,yes,yes,
0452,DJI_20260602140301_0452_V.JPG,DJI_20260602140301_0452_T.JPG,yes,yes,
0453,DJI_20260602140302_0453_V.JPG,DJI_20260602140302_0453_T.JPG,yes,yes,
0454,DJI_20260602140302_0454_V.JPG,DJI_20260602140303_0454_T.JPG,yes,yes,
0455,DJI_20260602140303_0455_V.JPG,DJI_20260602140303_0455_T.JPG,yes,yes,
0456,DJI_20260602140304_0456_V.JPG,DJI_20260602140304_0456_T.JPG,yes,yes,
0457,DJI_20260602140304_0457_V.JPG,DJI_20260602140305_0457_T.JPG,yes,yes,
0458,DJI_20260602140305_0458_V.JPG,DJI_20260602140305_0458_T.JPG,yes,yes,
0459,DJI_20260602140306_0459_V.JPG,DJI_20260602140306_0459_T.JPG,yes,yes,
0460,DJI_20260602140307_0460_V.JPG,DJI_20260602140307_0460_T.JPG,yes,yes,
0461,DJI_20260602140307_0461_V.JPG,DJI_20260602140307_0461_T.JPG,yes,yes,
0462,DJI_20260602140308_0462_V.JPG,DJI_20260602140308_0462_T.JPG,yes,yes,
0463,DJI_20260602140309_0463_V.JPG,DJI_20260602140309_0463_T.JPG,yes,yes,
0464,DJI_20260602140309_0464_V.JPG,DJI_20260602140310_0464_T.JPG,yes,yes,
0465,DJI_20260602140310_0465_V.JPG,DJI_20260602140310_0465_T.JPG,yes,yes,
0466,DJI_20260602140311_0466_V.JPG,DJI_20260602140311_0466_T.JPG,yes,yes,
0467,DJI_20260602140311_0467_V.JPG,DJI_20260602140312_0467_T.JPG,yes,yes,
0468,DJI_20260602140312_0468_V.JPG,DJI_20260602140312_0468_T.JPG,yes,yes,
0469,DJI_20260602140313_0469_V.JPG,DJI_20260602140313_0469_T.JPG,yes,yes,
0470,DJI_20260602140314_0470_V.JPG,DJI_20260602140314_0470_T.JPG,yes,yes,
0471,DJI_20260602140314_0471_V.JPG,DJI_20260602140314_0471_T.JPG,yes,yes,
0472,DJI_20260602140315_0472_V.JPG,DJI_20260602140315_0472_T.JPG,yes,yes,
0473,DJI_20260602140316_0473_V.JPG,DJI_20260602140316_0473_T.JPG,yes,yes,
0474,DJI_20260602140316_0474_V.JPG,DJI_20260602140317_0474_T.JPG,yes,yes,
0475,DJI_20260602140317_0475_V.JPG,DJI_20260602140317_0475_T.JPG,yes,yes,
0476,DJI_20260602140318_0476_V.JPG,DJI_20260602140318_0476_T.JPG,yes,yes,
0477,DJI_20260602140318_0477_V.JPG,DJI_20260602140319_0477_T.JPG,yes,yes,
0478,DJI_20260602140319_0478_V.JPG,DJI_20260602140319_0478_T.JPG,yes,yes,
0479,DJI_20260602140320_0479_V.JPG,DJI_20260602140320_0479_T.JPG,yes,yes,
0480,DJI_20260602140321_0480_V.JPG,DJI_20260602140321_0480_T.JPG,yes,yes,
0481,DJI_20260602140321_0481_V.JPG,DJI_20260602140321_0481_T.JPG,yes,yes,
0482,DJI_20260602140322_0482_V.JPG,DJI_20260602140322_0482_T.JPG,yes,yes,
0483,DJI_20260602140323_0483_V.JPG,DJI_20260602140323_0483_T.JPG,yes,yes,
0484,DJI_20260602140323_0484_V.JPG,DJI_20260602140324_0484_T.JPG,yes,yes,
0485,DJI_20260602140324_0485_V.JPG,DJI_20260602140324_0485_T.JPG,yes,yes,
0486,DJI_20260602140325_0486_V.JPG,DJI_20260602140325_0486_T.JPG,yes,yes,
0487,DJI_20260602140325_0487_V.JPG,DJI_20260602140326_0487_T.JPG,yes,yes,
0488,DJI_20260602140326_0488_V.JPG,DJI_20260602140326_0488_T.JPG,yes,yes,
0489,DJI_20260602140327_0489_V.JPG,DJI_20260602140327_0489_T.JPG,yes,yes,
0490,DJI_20260602140328_0490_V.JPG,DJI_20260602140328_0490_T.JPG,yes,yes,
0491,DJI_20260602140328_0491_V.JPG,DJI_20260602140328_0491_T.JPG,yes,yes,
0492,DJI_20260602140329_0492_V.JPG,DJI_20260602140329_0492_T.JPG,yes,yes,
0493,DJI_20260602140330_0493_V.JPG,DJI_20260602140330_0493_T.JPG,yes,yes,
0494,DJI_20260602140330_0494_V.JPG,DJI_20260602140331_0494_T.JPG,yes,yes,
0495,DJI_20260602140331_0495_V.JPG,DJI_20260602140331_0495_T.JPG,yes,yes,
0496,DJI_20260602140332_0496_V.JPG,DJI_20260602140332_0496_T.JPG,yes,yes,
0497,DJI_20260602140332_0497_V.JPG,DJI_20260602140333_0497_T.JPG,yes,yes,
0498,DJI_20260602140333_0498_V.JPG,DJI_20260602140333_0498_T.JPG,yes,yes,
0499,DJI_20260602140334_0499_V.JPG,DJI_20260602140334_0499_T.JPG,yes,yes,
0500,DJI_20260602140335_0500_V.JPG,DJI_20260602140335_0500_T.JPG,yes,yes,
0501,DJI_20260602140335_0501_V.JPG,DJI_20260602140335_0501_T.JPG,yes,yes,
0502,DJI_20260602140336_0502_V.JPG,DJI_20260602140336_0502_T.JPG,yes,yes,
0503,DJI_20260602140337_0503_V.JPG,DJI_20260602140337_0503_T.JPG,yes,yes,
0504,DJI_20260602140337_0504_V.JPG,DJI_20260602140338_0504_T.JPG,yes,yes,
0505,DJI_20260602140338_0505_V.JPG,DJI_20260602140338_0505_T.JPG,yes,yes,
0506,DJI_20260602140339_0506_V.JPG,DJI_20260602140339_0506_T.JPG,yes,yes,
0507,DJI_20260602140339_0507_V.JPG,DJI_20260602140340_0507_T.JPG,yes,yes,
0508,DJI_20260602140340_0508_V.JPG,DJI_20260602140340_0508_T.JPG,yes,yes,
0509,DJI_20260602140341_0509_V.JPG,DJI_20260602140341_0509_T.JPG,yes,yes,
0510,DJI_20260602140342_0510_V.JPG,DJI_20260602140342_0510_T.JPG,yes,yes,
0511,DJI_20260602140342_0511_V.JPG,DJI_20260602140342_0511_T.JPG,yes,yes,
0512,DJI_20260602140343_0512_V.JPG,DJI_20260602140343_0512_T.JPG,yes,yes,
0513,DJI_20260602140344_0513_V.JPG,DJI_20260602140344_0513_T.JPG,yes,yes,
0514,DJI_20260602140344_0514_V.JPG,DJI_20260602140345_0514_T.JPG,yes,yes,
0515,DJI_20260602140345_0515_V.JPG,DJI_20260602140345_0515_T.JPG,yes,yes,
0516,DJI_20260602140346_0516_V.JPG,DJI_20260602140346_0516_T.JPG,yes,yes,
0517,DJI_20260602140346_0517_V.JPG,DJI_20260602140347_0517_T.JPG,yes,yes,
0518,DJI_20260602140347_0518_V.JPG,DJI_20260602140347_0518_T.JPG,yes,yes,
0519,DJI_20260602140348_0519_V.JPG,DJI_20260602140348_0519_T.JPG,yes,yes,
0520,DJI_20260602140349_0520_V.JPG,DJI_20260602140349_0520_T.JPG,yes,yes,
0521,DJI_20260602140349_0521_V.JPG,DJI_20260602140349_0521_T.JPG,yes,yes,
0522,DJI_20260602140350_0522_V.JPG,DJI_20260602140350_0522_T.JPG,yes,yes,
0523,DJI_20260602140351_0523_V.JPG,DJI_20260602140351_0523_T.JPG,yes,yes,
0524,DJI_20260602140351_0524_V.JPG,DJI_20260602140352_0524_T.JPG,yes,yes,
0525,DJI_20260602140352_0525_V.JPG,DJI_20260602140352_0525_T.JPG,yes,yes,
0526,DJI_20260602140353_0526_V.JPG,DJI_20260602140353_0526_T.JPG,yes,yes,
0527,DJI_20260602140353_0527_V.JPG,DJI_20260602140354_0527_T.JPG,yes,yes,
0528,DJI_20260602140354_0528_V.JPG,DJI_20260602140354_0528_T.JPG,yes,yes,
0529,DJI_20260602140355_0529_V.JPG,DJI_20260602140355_0529_T.JPG,yes,yes,
0530,DJI_20260602140356_0530_V.JPG,DJI_20260602140356_0530_T.JPG,yes,yes,
0531,DJI_20260602140356_0531_V.JPG,DJI_20260602140356_0531_T.JPG,yes,yes,
0532,DJI_20260602140357_0532_V.JPG,DJI_20260602140357_0532_T.JPG,yes,yes,
0533,DJI_20260602140358_0533_V.JPG,DJI_20260602140358_0533_T.JPG,yes,yes,
0534,DJI_20260602140358_0534_V.JPG,DJI_20260602140359_0534_T.JPG,yes,yes,
0535,DJI_20260602140359_0535_V.JPG,DJI_20260602140359_0535_T.JPG,yes,yes,
0536,DJI_20260602140400_0536_V.JPG,DJI_20260602140400_0536_T.JPG,yes,yes,
0537,DJI_20260602140400_0537_V.JPG,DJI_20260602140401_0537_T.JPG,yes,yes,
0538,DJI_20260602140401_0538_V.JPG,DJI_20260602140401_0538_T.JPG,yes,yes,
0539,DJI_20260602140402_0539_V.JPG,DJI_20260602140402_0539_T.JPG,yes,yes,
0540,DJI_20260602140403_0540_V.JPG,DJI_20260602140403_0540_T.JPG,yes,yes,
0541,DJI_20260602140403_0541_V.JPG,DJI_20260602140403_0541_T.JPG,yes,yes,
0542,DJI_20260602140404_0542_V.JPG,DJI_20260602140404_0542_T.JPG,yes,yes,
0543,DJI_20260602140405_0543_V.JPG,DJI_20260602140405_0543_T.JPG,yes,yes,
0544,DJI_20260602140405_0544_V.JPG,DJI_20260602140406_0544_T.JPG,yes,yes,
0545,DJI_20260602140406_0545_V.JPG,DJI_20260602140406_0545_T.JPG,yes,yes,
0546,DJI_20260602140407_0546_V.JPG,DJI_20260602140407_0546_T.JPG,yes,yes,
0547,DJI_20260602140407_0547_V.JPG,DJI_20260602140408_0547_T.JPG,yes,yes,
0548,DJI_20260602140408_0548_V.JPG,DJI_20260602140408_0548_T.JPG,yes,yes,
0549,DJI_20260602140409_0549_V.JPG,DJI_20260602140409_0549_T.JPG,yes,yes,
0550,DJI_20260602140410_0550_V.JPG,DJI_20260602140410_0550_T.JPG,yes,yes,
0551,DJI_20260602140410_0551_V.JPG,DJI_20260602140410_0551_T.JPG,yes,yes,
0552,DJI_20260602140411_0552_V.JPG,DJI_20260602140411_0552_T.JPG,yes,yes,
0553,DJI_20260602140412_0553_V.JPG,DJI_20260602140412_0553_T.JPG,yes,yes,
0554,DJI_20260602140412_0554_V.JPG,DJI_20260602140413_0554_T.JPG,yes,yes,
0555,DJI_20260602140413_0555_V.JPG,DJI_20260602140413_0555_T.JPG,yes,yes,
0556,DJI_20260602140414_0556_V.JPG,DJI_20260602140414_0556_T.JPG,yes,yes,
0557,DJI_20260602140414_0557_V.JPG,DJI_20260602140415_0557_T.JPG,yes,yes,
0558,DJI_20260602140415_0558_V.JPG,DJI_20260602140415_0558_T.JPG,yes,yes,
0559,DJI_20260602140416_0559_V.JPG,DJI_20260602140416_0559_T.JPG,yes,yes,
0560,DJI_20260602140417_0560_V.JPG,DJI_20260602140417_0560_T.JPG,yes,yes,
0561,DJI_20260602140417_0561_V.JPG,DJI_20260602140417_0561_T.JPG,yes,yes,
0562,DJI_20260602140418_0562_V.JPG,DJI_20260602140418_0562_T.JPG,yes,yes,
0563,DJI_20260602140419_0563_V.JPG,DJI_20260602140419_0563_T.JPG,yes,yes,
0564,DJI_20260602140419_0564_V.JPG,DJI_20260602140420_0564_T.JPG,yes,yes,
0565,DJI_20260602140420_0565_V.JPG,DJI_20260602140420_0565_T.JPG,yes,yes,
0566,DJI_20260602140421_0566_V.JPG,DJI_20260602140421_0566_T.JPG,yes,yes,
0567,DJI_20260602140421_0567_V.JPG,DJI_20260602140422_0567_T.JPG,yes,yes,
0568,DJI_20260602140422_0568_V.JPG,DJI_20260602140422_0568_T.JPG,yes,yes,
0569,DJI_20260602140423_0569_V.JPG,DJI_20260602140423_0569_T.JPG,yes,yes,
0570,DJI_20260602140424_0570_V.JPG,DJI_20260602140424_0570_T.JPG,yes,yes,
0571,DJI_20260602140424_0571_V.JPG,DJI_20260602140424_0571_T.JPG,yes,yes,
0572,DJI_20260602140425_0572_V.JPG,DJI_20260602140425_0572_T.JPG,yes,yes,
0573,DJI_20260602140426_0573_V.JPG,DJI_20260602140426_0573_T.JPG,yes,yes,
0574,DJI_20260602140426_0574_V.JPG,DJI_20260602140427_0574_T.JPG,yes,yes,
0575,DJI_20260602140427_0575_V.JPG,DJI_20260602140427_0575_T.JPG,yes,yes,
0576,DJI_20260602140428_0576_V.JPG,DJI_20260602140428_0576_T.JPG,yes,yes,
0577,DJI_20260602140428_0577_V.JPG,DJI_20260602140429_0577_T.JPG,yes,yes,
0578,DJI_20260602140429_0578_V.JPG,DJI_20260602140429_0578_T.JPG,yes,yes,
0579,DJI_20260602140430_0579_V.JPG,DJI_20260602140430_0579_T.JPG,yes,yes,
0580,DJI_20260602140431_0580_V.JPG,DJI_20260602140431_0580_T.JPG,yes,yes,
0581,DJI_20260602140431_0581_V.JPG,DJI_20260602140431_0581_T.JPG,yes,yes,
0582,DJI_20260602140432_0582_V.JPG,DJI_20260602140432_0582_T.JPG,yes,yes,
0583,DJI_20260602140433_0583_V.JPG,DJI_20260602140433_0583_T.JPG,yes,yes,
0584,DJI_20260602140433_0584_V.JPG,DJI_20260602140434_0584_T.JPG,yes,yes,
0585,DJI_20260602140434_0585_V.JPG,DJI_20260602140434_0585_T.JPG,yes,yes,
0586,DJI_20260602140435_0586_V.JPG,DJI_20260602140435_0586_T.JPG,yes,yes,
0587,DJI_20260602140435_0587_V.JPG,DJI_20260602140436_0587_T.JPG,yes,yes,
0588,DJI_20260602140436_0588_V.JPG,DJI_20260602140436_0588_T.JPG,yes,yes,
0589,DJI_20260602140437_0589_V.JPG,DJI_20260602140437_0589_T.JPG,yes,yes,
0590,DJI_20260602140438_0590_V.JPG,DJI_20260602140438_0590_T.JPG,yes,yes,
0591,DJI_20260602140438_0591_V.JPG,DJI_20260602140438_0591_T.JPG,yes,yes,
0592,DJI_20260602140439_0592_V.JPG,DJI_20260602140439_0592_T.JPG,yes,yes,
0593,DJI_20260602140440_0593_V.JPG,DJI_20260602140440_0593_T.JPG,yes,yes,
0594,DJI_20260602140440_0594_V.JPG,DJI_20260602140441_0594_T.JPG,yes,yes,
0595,DJI_20260602140441_0595_V.JPG,DJI_20260602140441_0595_T.JPG,yes,yes,
0596,DJI_20260602140442_0596_V.JPG,DJI_20260602140442_0596_T.JPG,yes,yes,
0597,DJI_20260602140442_0597_V.JPG,DJI_20260602140443_0597_T.JPG,yes,yes,
0598,DJI_20260602140443_0598_V.JPG,DJI_20260602140443_0598_T.JPG,yes,yes,
0599,DJI_20260602140444_0599_V.JPG,DJI_20260602140444_0599_T.JPG,yes,yes,
0600,DJI_20260602140445_0600_V.JPG,DJI_20260602140445_0600_T.JPG,yes,yes,
0601,DJI_20260602140445_0601_V.JPG,DJI_20260602140445_0601_T.JPG,yes,yes,
0602,DJI_20260602140446_0602_V.JPG,DJI_20260602140446_0602_T.JPG,yes,yes,
0603,DJI_20260602140447_0603_V.JPG,DJI_20260602140447_0603_T.JPG,yes,yes,
0604,DJI_20260602140447_0604_V.JPG,DJI_20260602140448_0604_T.JPG,yes,yes,
0605,DJI_20260602140448_0605_V.JPG,DJI_20260602140448_0605_T.JPG,yes,yes,
0606,DJI_20260602140449_0606_V.JPG,DJI_20260602140449_0606_T.JPG,yes,yes,
0607,DJI_20260602140449_0607_V.JPG,DJI_20260602140450_0607_T.JPG,yes,yes,
0608,DJI_20260602140450_0608_V.JPG,DJI_20260602140450_0608_T.JPG,yes,yes,
0609,DJI_20260602140451_0609_V.JPG,DJI_20260602140451_0609_T.JPG,yes,yes,
0610,DJI_20260602140452_0610_V.JPG,DJI_20260602140452_0610_T.JPG,yes,yes,
0611,DJI_20260602140452_0611_V.JPG,DJI_20260602140452_0611_T.JPG,yes,yes,
0612,DJI_20260602140453_0612_V.JPG,DJI_20260602140453_0612_T.JPG,yes,yes,
0613,DJI_20260602140454_0613_V.JPG,DJI_20260602140454_0613_T.JPG,yes,yes,
0614,DJI_20260602140454_0614_V.JPG,DJI_20260602140455_0614_T.JPG,yes,yes,
0615,DJI_20260602140455_0615_V.JPG,DJI_20260602140455_0615_T.JPG,yes,yes,
0616,DJI_20260602140456_0616_V.JPG,DJI_20260602140456_0616_T.JPG,yes,yes,
0617,DJI_20260602140456_0617_V.JPG,DJI_20260602140457_0617_T.JPG,yes,yes,
0618,DJI_20260602140457_0618_V.JPG,DJI_20260602140457_0618_T.JPG,yes,yes,
0619,DJI_20260602140458_0619_V.JPG,DJI_20260602140458_0619_T.JPG,yes,yes,
0620,DJI_20260602140459_0620_V.JPG,DJI_20260602140459_0620_T.JPG,yes,yes,
0621,DJI_20260602140459_0621_V.JPG,DJI_20260602140459_0621_T.JPG,yes,yes,
0622,DJI_20260602140500_0622_V.JPG,DJI_20260602140500_0622_T.JPG,yes,yes,
0623,DJI_20260602140501_0623_V.JPG,DJI_20260602140501_0623_T.JPG,yes,yes,
0624,DJI_20260602140501_0624_V.JPG,DJI_20260602140502_0624_T.JPG,yes,yes,
0625,DJI_20260602140502_0625_V.JPG,DJI_20260602140502_0625_T.JPG,yes,yes,
0626,DJI_20260602140503_0626_V.JPG,DJI_20260602140503_0626_T.JPG,yes,yes,
0627,DJI_20260602140503_0627_V.JPG,DJI_20260602140504_0627_T.JPG,yes,yes,
0628,DJI_20260602140504_0628_V.JPG,DJI_20260602140504_0628_T.JPG,yes,yes,
0629,DJI_20260602140505_0629_V.JPG,DJI_20260602140505_0629_T.JPG,yes,yes,
0630,DJI_20260602140506_0630_V.JPG,DJI_20260602140506_0630_T.JPG,yes,yes,
0631,DJI_20260602140506_0631_V.JPG,DJI_20260602140506_0631_T.JPG,yes,yes,
0632,DJI_20260602140507_0632_V.JPG,DJI_20260602140507_0632_T.JPG,yes,yes,
0633,DJI_20260602140508_0633_V.JPG,DJI_20260602140508_0633_T.JPG,yes,yes,
0634,DJI_20260602140508_0634_V.JPG,DJI_20260602140509_0634_T.JPG,yes,yes,
0635,DJI_20260602140509_0635_V.JPG,DJI_20260602140509_0635_T.JPG,yes,yes,
0636,DJI_20260602140510_0636_V.JPG,DJI_20260602140510_0636_T.JPG,yes,yes,
0637,DJI_20260602140510_0637_V.JPG,DJI_20260602140511_0637_T.JPG,yes,yes,
0638,DJI_20260602140511_0638_V.JPG,DJI_20260602140511_0638_T.JPG,yes,yes,
0639,DJI_20260602140512_0639_V.JPG,DJI_20260602140512_0639_T.JPG,yes,yes,
0640,DJI_20260602140513_0640_V.JPG,DJI_20260602140513_0640_T.JPG,yes,yes,
0641,DJI_20260602140513_0641_V.JPG,DJI_20260602140513_0641_T.JPG,yes,yes,
0642,DJI_20260602140514_0642_V.JPG,DJI_20260602140514_0642_T.JPG,yes,yes,
0643,DJI_20260602140515_0643_V.JPG,DJI_20260602140515_0643_T.JPG,yes,yes,
0644,DJI_20260602140515_0644_V.JPG,DJI_20260602140516_0644_T.JPG,yes,yes,
0645,DJI_20260602140516_0645_V.JPG,DJI_20260602140516_0645_T.JPG,yes,yes,
0646,DJI_20260602140517_0646_V.JPG,DJI_20260602140517_0646_T.JPG,yes,yes,
0647,DJI_20260602140518_0647_V.JPG,DJI_20260602140518_0647_T.JPG,yes,yes,
0648,DJI_20260602140518_0648_V.JPG,DJI_20260602140518_0648_T.JPG,yes,yes,
0649,DJI_20260602140519_0649_V.JPG,DJI_20260602140519_0649_T.JPG,yes,yes,
0650,DJI_20260602140520_0650_V.JPG,DJI_20260602140520_0650_T.JPG,yes,yes,
0651,DJI_20260602140520_0651_V.JPG,DJI_20260602140520_0651_T.JPG,yes,yes,
0652,DJI_20260602140521_0652_V.JPG,DJI_20260602140521_0652_T.JPG,yes,yes,
0653,DJI_20260602140522_0653_V.JPG,DJI_20260602140522_0653_T.JPG,yes,yes,
0654,DJI_20260602140522_0654_V.JPG,DJI_20260602140523_0654_T.JPG,yes,yes,
0655,DJI_20260602140523_0655_V.JPG,DJI_20260602140523_0655_T.JPG,yes,yes,
0656,DJI_20260602140524_0656_V.JPG,DJI_20260602140524_0656_T.JPG,yes,yes,
0657,DJI_20260602140525_0657_V.JPG,DJI_20260602140525_0657_T.JPG,yes,yes,
0658,DJI_20260602140525_0658_V.JPG,DJI_20260602140525_0658_T.JPG,yes,yes,
0659,DJI_20260602140526_0659_V.JPG,DJI_20260602140526_0659_T.JPG,yes,yes,
0660,DJI_20260602140527_0660_V.JPG,DJI_20260602140527_0660_T.JPG,yes,yes,
0661,DJI_20260602140527_0661_V.JPG,DJI_20260602140527_0661_T.JPG,yes,yes,
0662,DJI_20260602140528_0662_V.JPG,DJI_20260602140528_0662_T.JPG,yes,yes,
0663,DJI_20260602140529_0663_V.JPG,DJI_20260602140529_0663_T.JPG,yes,yes,
0664,DJI_20260602140529_0664_V.JPG,DJI_20260602140530_0664_T.JPG,yes,yes,
0665,DJI_20260602140530_0665_V.JPG,DJI_20260602140530_0665_T.JPG,yes,yes,
0666,DJI_20260602140531_0666_V.JPG,DJI_20260602140531_0666_T.JPG,yes,yes,
0667,DJI_20260602140532_0667_V.JPG,DJI_20260602140532_0667_T.JPG,yes,yes,
0668,DJI_20260602140532_0668_V.JPG,DJI_20260602140532_0668_T.JPG,yes,yes,
0669,DJI_20260602140533_0669_V.JPG,DJI_20260602140533_0669_T.JPG,yes,yes,
0670,DJI_20260602140534_0670_V.JPG,DJI_20260602140534_0670_T.JPG,yes,yes,
0671,DJI_20260602140534_0671_V.JPG,DJI_20260602140534_0671_T.JPG,yes,yes,
0672,DJI_20260602140535_0672_V.JPG,DJI_20260602140535_0672_T.JPG,yes,yes,
0673,DJI_20260602140536_0673_V.JPG,DJI_20260602140536_0673_T.JPG,yes,yes,
0674,DJI_20260602140536_0674_V.JPG,DJI_20260602140537_0674_T.JPG,yes,yes,
0675,DJI_20260602140537_0675_V.JPG,DJI_20260602140537_0675_T.JPG,yes,yes,
0676,DJI_20260602140538_0676_V.JPG,DJI_20260602140538_0676_T.JPG,yes,yes,
0677,DJI_20260602140539_0677_V.JPG,DJI_20260602140539_0677_T.JPG,yes,yes,
0678,DJI_20260602140539_0678_V.JPG,DJI_20260602140539_0678_T.JPG,yes,yes,
0679,DJI_20260602140540_0679_V.JPG,DJI_20260602140540_0679_T.JPG,yes,yes,
0680,DJI_20260602140541_0680_V.JPG,DJI_20260602140541_0680_T.JPG,yes,yes,
0681,DJI_20260602140541_0681_V.JPG,DJI_20260602140542_0681_T.JPG,yes,yes,
0682,DJI_20260602140542_0682_V.JPG,DJI_20260602140542_0682_T.JPG,yes,yes,
0683,DJI_20260602140543_0683_V.JPG,DJI_20260602140543_0683_T.JPG,yes,yes,
0684,DJI_20260602140543_0684_V.JPG,DJI_20260602140544_0684_T.JPG,yes,yes,
0685,DJI_20260602140544_0685_V.JPG,DJI_20260602140544_0685_T.JPG,yes,yes,
0686,DJI_20260602140545_0686_V.JPG,DJI_20260602140545_0686_T.JPG,yes,yes,
0687,DJI_20260602140546_0687_V.JPG,DJI_20260602140546_0687_T.JPG,yes,yes,
0688,DJI_20260602140546_0688_V.JPG,DJI_20260602140546_0688_T.JPG,yes,yes,
0689,DJI_20260602140547_0689_V.JPG,DJI_20260602140547_0689_T.JPG,yes,yes,
0690,DJI_20260602140548_0690_V.JPG,DJI_20260602140548_0690_T.JPG,yes,yes,
0691,DJI_20260602140548_0691_V.JPG,DJI_20260602140549_0691_T.JPG,yes,yes,
0692,DJI_20260602140549_0692_V.JPG,DJI_20260602140549_0692_T.JPG,yes,yes,
0693,DJI_20260602140550_0693_V.JPG,DJI_20260602140550_0693_T.JPG,yes,yes,
0694,DJI_20260602140550_0694_V.JPG,DJI_20260602140551_0694_T.JPG,yes,yes,
0695,DJI_20260602140551_0695_V.JPG,DJI_20260602140551_0695_T.JPG,yes,yes,
0696,DJI_20260602140552_0696_V.JPG,DJI_20260602140552_0696_T.JPG,yes,yes,
0697,DJI_20260602140553_0697_V.JPG,DJI_20260602140553_0697_T.JPG,yes,yes,
0698,DJI_20260602140553_0698_V.JPG,DJI_20260602140553_0698_T.JPG,yes,yes,
0699,DJI_20260602140554_0699_V.JPG,DJI_20260602140554_0699_T.JPG,yes,yes,
0700,DJI_20260602140555_0700_V.JPG,DJI_20260602140555_0700_T.JPG,yes,yes,
0701,DJI_20260602140555_0701_V.JPG,DJI_20260602140555_0701_T.JPG,yes,yes,
0702,DJI_20260602140556_0702_V.JPG,DJI_20260602140556_0702_T.JPG,yes,yes,
0703,DJI_20260602140557_0703_V.JPG,DJI_20260602140557_0703_T.JPG,yes,yes,
0704,DJI_20260602140557_0704_V.JPG,DJI_20260602140558_0704_T.JPG,yes,yes,
0705,DJI_20260602140558_0705_V.JPG,DJI_20260602140558_0705_T.JPG,yes,yes,
0706,DJI_20260602140559_0706_V.JPG,DJI_20260602140559_0706_T.JPG,yes,yes,
0707,DJI_20260602140600_0707_V.JPG,DJI_20260602140600_0707_T.JPG,yes,yes,
0708,DJI_20260602140600_0708_V.JPG,DJI_20260602140600_0708_T.JPG,yes,yes,
0709,DJI_20260602140601_0709_V.JPG,DJI_20260602140601_0709_T.JPG,yes,yes,
0710,DJI_20260602140602_0710_V.JPG,DJI_20260602140602_0710_T.JPG,yes,yes,
0711,DJI_20260602140602_0711_V.JPG,DJI_20260602140602_0711_T.JPG,yes,yes,
0712,DJI_20260602140603_0712_V.JPG,DJI_20260602140603_0712_T.JPG,yes,yes,
0713,DJI_20260602140604_0713_V.JPG,DJI_20260602140604_0713_T.JPG,yes,yes,
0714,DJI_20260602140604_0714_V.JPG,DJI_20260602140605_0714_T.JPG,yes,yes,
0715,DJI_20260602140605_0715_V.JPG,DJI_20260602140605_0715_T.JPG,yes,yes,
0716,DJI_20260602140606_0716_V.JPG,DJI_20260602140606_0716_T.JPG,yes,yes,
0717,DJI_20260602140607_0717_V.JPG,DJI_20260602140607_0717_T.JPG,yes,yes,
0718,DJI_20260602140607_0718_V.JPG,DJI_20260602140607_0718_T.JPG,yes,yes,
0719,DJI_20260602140608_0719_V.JPG,DJI_20260602140608_0719_T.JPG,yes,yes,
0720,DJI_20260602140609_0720_V.JPG,DJI_20260602140609_0720_T.JPG,yes,yes,
0721,DJI_20260602140609_0721_V.JPG,DJI_20260602140610_0721_T.JPG,yes,yes,
0722,DJI_20260602140610_0722_V.JPG,DJI_20260602140610_0722_T.JPG,yes,yes,
0723,DJI_20260602140611_0723_V.JPG,DJI_20260602140611_0723_T.JPG,yes,yes,
0724,DJI_20260602140611_0724_V.JPG,DJI_20260602140612_0724_T.JPG,yes,yes,
0725,DJI_20260602140612_0725_V.JPG,DJI_20260602140612_0725_T.JPG,yes,yes,
0726,DJI_20260602140613_0726_V.JPG,DJI_20260602140613_0726_T.JPG,yes,yes,
0727,DJI_20260602140614_0727_V.JPG,DJI_20260602140614_0727_T.JPG,yes,yes,
0728,DJI_20260602140614_0728_V.JPG,DJI_20260602140614_0728_T.JPG,yes,yes,
0729,DJI_20260602140615_0729_V.JPG,DJI_20260602140615_0729_T.JPG,yes,yes,
0730,DJI_20260602140616_0730_V.JPG,DJI_20260602140616_0730_T.JPG,yes,yes,
0731,DJI_20260602140616_0731_V.JPG,DJI_20260602140616_0731_T.JPG,yes,yes,
0732,DJI_20260602140617_0732_V.JPG,DJI_20260602140617_0732_T.JPG,yes,yes,
0733,DJI_20260602140618_0733_V.JPG,DJI_20260602140618_0733_T.JPG,yes,yes,
0734,DJI_20260602140618_0734_V.JPG,DJI_20260602140619_0734_T.JPG,yes,yes,
0735,DJI_20260602140619_0735_V.JPG,DJI_20260602140619_0735_T.JPG,yes,yes,
0736,DJI_20260602140620_0736_V.JPG,DJI_20260602140620_0736_T.JPG,yes,yes,
0737,DJI_20260602140621_0737_V.JPG,DJI_20260602140621_0737_T.JPG,yes,yes,
0738,DJI_20260602140621_0738_V.JPG,DJI_20260602140621_0738_T.JPG,yes,yes,
